images,masks
0007_label_s2HioE5t.png,0007_label_s2HioE5t_mask.png
0011_label_1XDZxhBC.png,0011_label_1XDZxhBC_mask.png
0005_label_s2HioE5t.png,0005_label_s2HioE5t_mask.png
00000026_1.png,00000026_1_mask.png
00000038_2.png,00000038_2_mask.png
00000009_5.png,00000009_5_mask.png
00000032_2.png,00000032_2_mask.png
0011_label_WgYVYe3Q.png,0011_label_WgYVYe3Q_mask.png
0002_label_GQ173MEa.png,0002_label_GQ173MEa_mask.png
0019_label_PmivjAla.png,0019_label_PmivjAla_mask.png
0013_label_GQ173MEa.png,0013_label_GQ173MEa_mask.png
0015_label_0xjUoY7D_1.png,0015_label_0xjUoY7D_1_mask.png
00000027_2.png,00000027_2_mask.png
00000001_4.png,00000001_4_mask.png
0005_label_FCjmsocM.png,0005_label_FCjmsocM_mask.png
00000042_1.png,00000042_1_mask.png
0006_label_PmivjAla.png,0006_label_PmivjAla_mask.png
00000009_1.png,00000009_1_mask.png
0011_label_h2qBCL3Q.png,0011_label_h2qBCL3Q_mask.png
0016_label_ckrYP90D.png,0016_label_ckrYP90D_mask.png
00000015_3.png,00000015_3_mask.png
00000081.png,00000081_mask.png
00000038.png,00000038_mask.png
0002_label_zsq5uyoY.png,0002_label_zsq5uyoY_mask.png
0004_label_l26civYo.png,0004_label_l26civYo_mask.png
0012_label_M4HYDr16.png,0012_label_M4HYDr16_mask.png
0015_label_PmivjAla.png,0015_label_PmivjAla_mask.png
0020_label_uCXpTeJJ.png,0020_label_uCXpTeJJ_mask.png
0019_label_FCjmsocM.png,0019_label_FCjmsocM_mask.png
0013_label_Y0sRpXgl.png,0013_label_Y0sRpXgl_mask.png
00000016_1.png,00000016_1_mask.png
0005_label_G2fWPEgz.png,0005_label_G2fWPEgz_mask.png
0011_label_uCXpTeJJ.png,0011_label_uCXpTeJJ_mask.png
0001_label_TNURd9tv.png,0001_label_TNURd9tv_mask.png
0013_label_FCjmsocM.png,0013_label_FCjmsocM_mask.png
0012_label_s2HioE5t.png,0012_label_s2HioE5t_mask.png
00000041_2.png,00000041_2_mask.png
0015_label_M4HYDr16.png,0015_label_M4HYDr16_mask.png
00000037_1.png,00000037_1_mask.png
0012_label_uCXpTeJJ.png,0012_label_uCXpTeJJ_mask.png
0004_label_Y0sRpXgl.png,0004_label_Y0sRpXgl_mask.png
00000007_5.png,00000007_5_mask.png
0003_label_GQ173MEa.png,0003_label_GQ173MEa_mask.png
0014_label_tALCG3Yy.png,0014_label_tALCG3Yy_mask.png
0004_label_iGFOdcQt.png,0004_label_iGFOdcQt_mask.png
0011_label_ouHctxiB.png,0011_label_ouHctxiB_mask.png
00000023_3.png,00000023_3_mask.png
0018_label_uCXpTeJJ.png,0018_label_uCXpTeJJ_mask.png
0020_label_PmivjAla.png,0020_label_PmivjAla_mask.png
0010_label_XP0UKXUr.png,0010_label_XP0UKXUr_mask.png
00000020_1.png,00000020_1_mask.png
0017_label_0xjUoY7D.png,0017_label_0xjUoY7D_mask.png
00000007_7.png,00000007_7_mask.png
0017_label_iGFOdcQt.png,0017_label_iGFOdcQt_mask.png
0009_label_egaPlFje.png,0009_label_egaPlFje_mask.png
0011_label_tALCG3Yy.png,0011_label_tALCG3Yy_mask.png
0019_label_egaPlFje.png,0019_label_egaPlFje_mask.png
0002_label_QbCmZ2ce.png,0002_label_QbCmZ2ce_mask.png
00000033_4.png,00000033_4_mask.png
0002_label_uCXpTeJJ.png,0002_label_uCXpTeJJ_mask.png
00000005_3.png,00000005_3_mask.png
0010_label_ouHctxiB.png,0010_label_ouHctxiB_mask.png
00000044_1.png,00000044_1_mask.png
0015_label_Z4lINfjt.png,0015_label_Z4lINfjt_mask.png
0000_label_1XDZxhBC.png,0000_label_1XDZxhBC_mask.png
0016_label_s2HioE5t.png,0016_label_s2HioE5t_mask.png
0012_label_QbCmZ2ce.png,0012_label_QbCmZ2ce_mask.png
0014_label_s2HioE5t.png,0014_label_s2HioE5t_mask.png
00000009_2.png,00000009_2_mask.png
00000004_4.png,00000004_4_mask.png
0005_label_uCXpTeJJ.png,0005_label_uCXpTeJJ_mask.png
0002_label_ZublKlRs.png,0002_label_ZublKlRs_mask.png
0010_label_lY40XnMe.png,0010_label_lY40XnMe_mask.png
0003_label_BRxm2MyU.png,0003_label_BRxm2MyU_mask.png
0003_label_tALCG3Yy.png,0003_label_tALCG3Yy_mask.png
0000_label_XP0UKXUr.png,0000_label_XP0UKXUr_mask.png
0012_label_5YuL3VcR.png,0012_label_5YuL3VcR_mask.png
0008_label_iSVx22hl.png,0008_label_iSVx22hl_mask.png
0003_label_egaPlFje.png,0003_label_egaPlFje_mask.png
0009_label_s2HioE5t.png,0009_label_s2HioE5t_mask.png
0004_label_uCXpTeJJ.png,0004_label_uCXpTeJJ_mask.png
00000006_2.png,00000006_2_mask.png
0019_label_uCXpTeJJ.png,0019_label_uCXpTeJJ_mask.png
0005_label_KhubE3m1.png,0005_label_KhubE3m1_mask.png
0013_label_1XDZxhBC.png,0013_label_1XDZxhBC_mask.png
0012_label_Z4lINfjt.png,0012_label_Z4lINfjt_mask.png
00000017_3.png,00000017_3_mask.png
00000007_1.png,00000007_1_mask.png
0015_label_1XDZxhBC.png,0015_label_1XDZxhBC_mask.png
0009_label_KhubE3m1.png,0009_label_KhubE3m1_mask.png
0018_label_ckrYP90D.png,0018_label_ckrYP90D_mask.png
0019_label_s2HioE5t.png,0019_label_s2HioE5t_mask.png
00000004.png,00000004_mask.png
00000006_4.png,00000006_4_mask.png
00000058.png,00000058_mask.png
0012_label_F5Njd0Gq.png,0012_label_F5Njd0Gq_mask.png
0004_label_FCjmsocM.png,0004_label_FCjmsocM_mask.png
0001_label_PmivjAla.png,0001_label_PmivjAla_mask.png
0008_label_PmivjAla.png,0008_label_PmivjAla_mask.png
00000008_2.png,00000008_2_mask.png
0000_label_nKTYvVYf.png,0000_label_nKTYvVYf_mask.png
0000_label_M4HYDr16.png,0000_label_M4HYDr16_mask.png
0005_label_XP0UKXUr.png,0005_label_XP0UKXUr_mask.png
0012_label_WgYVYe3Q.png,0012_label_WgYVYe3Q_mask.png
0014_label_G2fWPEgz.png,0014_label_G2fWPEgz_mask.png
0016_label_ouHctxiB.png,0016_label_ouHctxiB_mask.png
0004_label_GQ173MEa.png,0004_label_GQ173MEa_mask.png
0016_label_0xjUoY7D_1.png,0016_label_0xjUoY7D_1_mask.png
00000030_1.png,00000030_1_mask.png
00000067.png,00000067_mask.png
0009_label_BRxm2MyU.png,0009_label_BRxm2MyU_mask.png
0000_label_Z4lINfjt.png,0000_label_Z4lINfjt_mask.png
00000011_3.png,00000011_3_mask.png
0019_label_nKTYvVYf.png,0019_label_nKTYvVYf_mask.png
0001_label_ufQVNw8q.png,0001_label_ufQVNw8q_mask.png
00000020_2.png,00000020_2_mask.png
0015_label_GQ173MEa.png,0015_label_GQ173MEa_mask.png
0006_label_BRxm2MyU.png,0006_label_BRxm2MyU_mask.png
0013_label_iSVx22hl.png,0013_label_iSVx22hl_mask.png
0005_label_ouHctxiB.png,0005_label_ouHctxiB_mask.png
0008_label_ouHctxiB.png,0008_label_ouHctxiB_mask.png
0010_label_egaPlFje.png,0010_label_egaPlFje_mask.png
0018_label_ouHctxiB.png,0018_label_ouHctxiB_mask.png
0003_label_QbCmZ2ce.png,0003_label_QbCmZ2ce_mask.png
00000019_4.png,00000019_4_mask.png
0009_label_Z4lINfjt.png,0009_label_Z4lINfjt_mask.png
00000003_3.png,00000003_3_mask.png
0017_label_WgYVYe3Q.png,0017_label_WgYVYe3Q_mask.png
00000008.png,00000008_mask.png
0020_label_5YuL3VcR.png,0020_label_5YuL3VcR_mask.png
0005_label_egaPlFje.png,0005_label_egaPlFje_mask.png
0002_label_egaPlFje.png,0002_label_egaPlFje_mask.png
0013_label_0xjUoY7D.png,0013_label_0xjUoY7D_mask.png
0013_label_WgYVYe3Q.png,0013_label_WgYVYe3Q_mask.png
00000021_5.png,00000021_5_mask.png
00000013_1.png,00000013_1_mask.png
0016_label_1XDZxhBC.png,0016_label_1XDZxhBC_mask.png
0007_label_M4HYDr16.png,0007_label_M4HYDr16_mask.png
00000014_2.png,00000014_2_mask.png
0002_label_5YuL3VcR.png,0002_label_5YuL3VcR_mask.png
0005_label_nKTYvVYf.png,0005_label_nKTYvVYf_mask.png
0001_label_KhubE3m1.png,0001_label_KhubE3m1_mask.png
0001_label_egaPlFje.png,0001_label_egaPlFje_mask.png
00000055.png,00000055_mask.png
0010_label_Y0sRpXgl.png,0010_label_Y0sRpXgl_mask.png
0015_label_G2fWPEgz.png,0015_label_G2fWPEgz_mask.png
00000019_1.png,00000019_1_mask.png
0006_label_zsq5uyoY.png,0006_label_zsq5uyoY_mask.png
00000073.png,00000073_mask.png
0004_label_1XDZxhBC.png,0004_label_1XDZxhBC_mask.png
00000029_5.png,00000029_5_mask.png
0004_label_5caRcr55.png,0004_label_5caRcr55_mask.png
0018_label_nKTYvVYf.png,0018_label_nKTYvVYf_mask.png
0000_label_ouHctxiB.png,0000_label_ouHctxiB_mask.png
00000037_3.png,00000037_3_mask.png
0000_label_PmivjAla.png,0000_label_PmivjAla_mask.png
00000019_3.png,00000019_3_mask.png
0018_label_1XDZxhBC.png,0018_label_1XDZxhBC_mask.png
0005_label_PmivjAla.png,0005_label_PmivjAla_mask.png
0006_label_5caRcr55.png,0006_label_5caRcr55_mask.png
0005_label_zsq5uyoY.png,0005_label_zsq5uyoY_mask.png
0020_label_Y0sRpXgl.png,0020_label_Y0sRpXgl_mask.png
00000043_1.png,00000043_1_mask.png
0001_label_0xjUoY7D.png,0001_label_0xjUoY7D_mask.png
0002_label_ckrYP90D.png,0002_label_ckrYP90D_mask.png
0012_label_PmivjAla.png,0012_label_PmivjAla_mask.png
0007_label_zsq5uyoY.png,0007_label_zsq5uyoY_mask.png
0012_label_1XDZxhBC.png,0012_label_1XDZxhBC_mask.png
0004_label_Z4lINfjt.png,0004_label_Z4lINfjt_mask.png
0006_label_iGFOdcQt.png,0006_label_iGFOdcQt_mask.png
0006_label_1XDZxhBC.png,0006_label_1XDZxhBC_mask.png
0009_label_0xjUoY7D_1.png,0009_label_0xjUoY7D_1_mask.png
0006_label_iSVx22hl.png,0006_label_iSVx22hl_mask.png
0000_label_s2HioE5t.png,0000_label_s2HioE5t_mask.png
0018_label_lY40XnMe.png,0018_label_lY40XnMe_mask.png
0007_label_h2qBCL3Q.png,0007_label_h2qBCL3Q_mask.png
00000001_5.png,00000001_5_mask.png
0010_label_tALCG3Yy.png,0010_label_tALCG3Yy_mask.png
0014_label_5YuL3VcR.png,0014_label_5YuL3VcR_mask.png
00000010_2.png,00000010_2_mask.png
00000014_1.png,00000014_1_mask.png
00000040_1.png,00000040_1_mask.png
00000011_4.png,00000011_4_mask.png
0005_label_ckrYP90D.png,0005_label_ckrYP90D_mask.png
0005_label_Z4lINfjt.png,0005_label_Z4lINfjt_mask.png
0013_label_ckrYP90D.png,0013_label_ckrYP90D_mask.png
00000033.png,00000033_mask.png
0008_label_F5Njd0Gq.png,0008_label_F5Njd0Gq_mask.png
0011_label_0xjUoY7D.png,0011_label_0xjUoY7D_mask.png
0007_label_5YuL3VcR.png,0007_label_5YuL3VcR_mask.png
00000003_2.png,00000003_2_mask.png
0008_label_zsq5uyoY.png,0008_label_zsq5uyoY_mask.png
0015_label_lY40XnMe.png,0015_label_lY40XnMe_mask.png
00000001_8.png,00000001_8_mask.png
0001_label_9tz0JSAJ.png,0001_label_9tz0JSAJ_mask.png
00000045.png,00000045_mask.png
00000005_4.png,00000005_4_mask.png
0003_label_1XDZxhBC.png,0003_label_1XDZxhBC_mask.png
00000028_2.png,00000028_2_mask.png
0015_label_WgYVYe3Q.png,0015_label_WgYVYe3Q_mask.png
0011_label_5YuL3VcR.png,0011_label_5YuL3VcR_mask.png
00000101.png,00000101_mask.png
0016_label_Z4lINfjt.png,0016_label_Z4lINfjt_mask.png
00000041_1.png,00000041_1_mask.png
0010_label_iGFOdcQt.png,0010_label_iGFOdcQt_mask.png
0019_label_iGFOdcQt.png,0019_label_iGFOdcQt_mask.png
0016_label_PmivjAla.png,0016_label_PmivjAla_mask.png
00000008_3.png,00000008_3_mask.png
0016_label_GQ173MEa.png,0016_label_GQ173MEa_mask.png
0015_label_5YuL3VcR.png,0015_label_5YuL3VcR_mask.png
0008_label_QbCmZ2ce.png,0008_label_QbCmZ2ce_mask.png
0001_label_l26civYo.png,0001_label_l26civYo_mask.png
0001_label_5YuL3VcR.png,0001_label_5YuL3VcR_mask.png
0001_label_iSVx22hl.png,0001_label_iSVx22hl_mask.png
0007_label_XP0UKXUr.png,0007_label_XP0UKXUr_mask.png
00000060.png,00000060_mask.png
00000027.png,00000027_mask.png
0004_label_PmivjAla.png,0004_label_PmivjAla_mask.png
00000018.png,00000018_mask.png
0010_label_5caRcr55.png,0010_label_5caRcr55_mask.png
0017_label_FCjmsocM.png,0017_label_FCjmsocM_mask.png
0009_label_h2qBCL3Q.png,0009_label_h2qBCL3Q_mask.png
0020_label_iGFOdcQt.png,0020_label_iGFOdcQt_mask.png
00000095.png,00000095_mask.png
00000032_1.png,00000032_1_mask.png
0017_label_egaPlFje.png,0017_label_egaPlFje_mask.png
00000035.png,00000035_mask.png
0009_label_5YuL3VcR.png,0009_label_5YuL3VcR_mask.png
0001_label_GQ173MEa.png,0001_label_GQ173MEa_mask.png
0009_label_GQ173MEa.png,0009_label_GQ173MEa_mask.png
00000007_6.png,00000007_6_mask.png
0017_label_GQ173MEa.png,0017_label_GQ173MEa_mask.png
0008_label_s2HioE5t.png,0008_label_s2HioE5t_mask.png
0019_label_1XDZxhBC.png,0019_label_1XDZxhBC_mask.png
0007_label_Y0sRpXgl.png,0007_label_Y0sRpXgl_mask.png
0005_label_iGFOdcQt.png,0005_label_iGFOdcQt_mask.png
0004_label_h2qBCL3Q.png,0004_label_h2qBCL3Q_mask.png
0018_label_iGFOdcQt.png,0018_label_iGFOdcQt_mask.png
00000000_1.png,00000000_1_mask.png
0019_label_WgYVYe3Q.png,0019_label_WgYVYe3Q_mask.png
00000049_1.png,00000049_1_mask.png
0002_label_TNURd9tv.png,0002_label_TNURd9tv_mask.png
0001_label_Pe712dpb.png,0001_label_Pe712dpb_mask.png
0000_label_zsq5uyoY.png,0000_label_zsq5uyoY_mask.png
00000062.png,00000062_mask.png
0015_label_wFKL6cSt.png,0015_label_wFKL6cSt_mask.png
0018_label_egaPlFje.png,0018_label_egaPlFje_mask.png
0010_label_iSVx22hl.png,0010_label_iSVx22hl_mask.png
0017_label_nKTYvVYf.png,0017_label_nKTYvVYf_mask.png
00000036.png,00000036_mask.png
0009_label_M4HYDr16.png,0009_label_M4HYDr16_mask.png
0012_label_iSVx22hl.png,0012_label_iSVx22hl_mask.png
00000027_5.png,00000027_5_mask.png
00000085.png,00000085_mask.png
0011_label_Y0sRpXgl.png,0011_label_Y0sRpXgl_mask.png
0004_label_s2HioE5t.png,0004_label_s2HioE5t_mask.png
00000069.png,00000069_mask.png
00000039_1.png,00000039_1_mask.png
0003_label_Y0sRpXgl.png,0003_label_Y0sRpXgl_mask.png
0001_label_jSlDBxtx.png,0001_label_jSlDBxtx_mask.png
0000_label_Y0sRpXgl.png,0000_label_Y0sRpXgl_mask.png
0012_label_lY40XnMe.png,0012_label_lY40XnMe_mask.png
0016_label_wFKL6cSt.png,0016_label_wFKL6cSt_mask.png
0000_label_5YuL3VcR.png,0000_label_5YuL3VcR_mask.png
00000091.png,00000091_mask.png
00000039.png,00000039_mask.png
0013_label_tALCG3Yy.png,0013_label_tALCG3Yy_mask.png
0011_label_iSVx22hl.png,0011_label_iSVx22hl_mask.png
0015_label_Y0sRpXgl.png,0015_label_Y0sRpXgl_mask.png
0005_label_5caRcr55.png,0005_label_5caRcr55_mask.png
0012_label_nKTYvVYf.png,0012_label_nKTYvVYf_mask.png
0011_label_ckrYP90D.png,0011_label_ckrYP90D_mask.png
0003_label_ckrYP90D.png,0003_label_ckrYP90D_mask.png
0016_label_5YuL3VcR.png,0016_label_5YuL3VcR_mask.png
00000015.png,00000015_mask.png
0007_label_PmivjAla.png,0007_label_PmivjAla_mask.png
0008_label_Z4lINfjt.png,0008_label_Z4lINfjt_mask.png
00000083.png,00000083_mask.png
00000026_2.png,00000026_2_mask.png
00000043_3.png,00000043_3_mask.png
00000033_3.png,00000033_3_mask.png
00000002_3.png,00000002_3_mask.png
0015_label_QbCmZ2ce.png,0015_label_QbCmZ2ce_mask.png
0006_label_WgYVYe3Q.png,0006_label_WgYVYe3Q_mask.png
0001_label_h2qBCL3Q.png,0001_label_h2qBCL3Q_mask.png
0002_label_0xjUoY7D_1.png,0002_label_0xjUoY7D_1_mask.png
00000023_5.png,00000023_5_mask.png
0015_label_uCXpTeJJ.png,0015_label_uCXpTeJJ_mask.png
0007_label_ZublKlRs.png,0007_label_ZublKlRs_mask.png
0003_label_l26civYo.png,0003_label_l26civYo_mask.png
00000017.png,00000017_mask.png
0000_label_lY40XnMe.png,0000_label_lY40XnMe_mask.png
0004_label_BRxm2MyU.png,0004_label_BRxm2MyU_mask.png
0000_label_tALCG3Yy.png,0000_label_tALCG3Yy_mask.png
0014_label_PmivjAla.png,0014_label_PmivjAla_mask.png
0012_label_Y0sRpXgl.png,0012_label_Y0sRpXgl_mask.png
00000031_3.png,00000031_3_mask.png
0015_label_h2qBCL3Q.png,0015_label_h2qBCL3Q_mask.png
00000001_6.png,00000001_6_mask.png
0007_label_ouHctxiB.png,0007_label_ouHctxiB_mask.png
0014_label_Y0sRpXgl.png,0014_label_Y0sRpXgl_mask.png
0003_label_TNURd9tv.png,0003_label_TNURd9tv_mask.png
0012_label_ouHctxiB.png,0012_label_ouHctxiB_mask.png
0016_label_uCXpTeJJ.png,0016_label_uCXpTeJJ_mask.png
0014_label_QbCmZ2ce.png,0014_label_QbCmZ2ce_mask.png
00000001_7.png,00000001_7_mask.png
00000035_1.png,00000035_1_mask.png
0006_label_Y0sRpXgl.png,0006_label_Y0sRpXgl_mask.png
0014_label_1XDZxhBC.png,0014_label_1XDZxhBC_mask.png
00000001_3.png,00000001_3_mask.png
0006_label_KhubE3m1.png,0006_label_KhubE3m1_mask.png
0006_label_s2HioE5t.png,0006_label_s2HioE5t_mask.png
00000036_1.png,00000036_1_mask.png
00000037.png,00000037_mask.png
00000001.png,00000001_mask.png
00000001_1.png,00000001_1_mask.png
00000005_1.png,00000005_1_mask.png
00000047_1.png,00000047_1_mask.png
0016_label_nKTYvVYf.png,0016_label_nKTYvVYf_mask.png
0014_label_iGFOdcQt.png,0014_label_iGFOdcQt_mask.png
0008_label_WgYVYe3Q.png,0008_label_WgYVYe3Q_mask.png
0013_label_Z4lINfjt.png,0013_label_Z4lINfjt_mask.png
0010_label_KhubE3m1.png,0010_label_KhubE3m1_mask.png
0016_label_iSVx22hl.png,0016_label_iSVx22hl_mask.png
0012_label_tALCG3Yy.png,0012_label_tALCG3Yy_mask.png
0018_label_PmivjAla.png,0018_label_PmivjAla_mask.png
0000_label_kKlXbKcS.png,0000_label_kKlXbKcS_mask.png
0007_label_FCjmsocM.png,0007_label_FCjmsocM_mask.png
0010_label_BRxm2MyU.png,0010_label_BRxm2MyU_mask.png
0011_label_l26civYo.png,0011_label_l26civYo_mask.png
0000_label_9tz0JSAJ.png,0000_label_9tz0JSAJ_mask.png
0004_label_0xjUoY7D.png,0004_label_0xjUoY7D_mask.png
0009_label_WgYVYe3Q.png,0009_label_WgYVYe3Q_mask.png
0002_label_WgYVYe3Q.png,0002_label_WgYVYe3Q_mask.png
0008_label_h2qBCL3Q.png,0008_label_h2qBCL3Q_mask.png
0010_label_h2qBCL3Q.png,0010_label_h2qBCL3Q_mask.png
0007_label_wFKL6cSt.png,0007_label_wFKL6cSt_mask.png
0010_label_PmivjAla.png,0010_label_PmivjAla_mask.png
0013_label_G2fWPEgz.png,0013_label_G2fWPEgz_mask.png
0018_label_Y0sRpXgl.png,0018_label_Y0sRpXgl_mask.png
00000007_2.png,00000007_2_mask.png
00000009_3.png,00000009_3_mask.png
0015_label_0xjUoY7D.png,0015_label_0xjUoY7D_mask.png
0011_label_M4HYDr16.png,0011_label_M4HYDr16_mask.png
0004_label_G2fWPEgz.png,0004_label_G2fWPEgz_mask.png
0013_label_s2HioE5t.png,0013_label_s2HioE5t_mask.png
00000039_2.png,00000039_2_mask.png
00000009_7.png,00000009_7_mask.png
0005_label_iSVx22hl.png,0005_label_iSVx22hl_mask.png
0007_label_nKTYvVYf.png,0007_label_nKTYvVYf_mask.png
0000_label_ufQVNw8q.png,0000_label_ufQVNw8q_mask.png
00000006_1.png,00000006_1_mask.png
00000051_1.png,00000051_1_mask.png
00000007.png,00000007_mask.png
00000003_4.png,00000003_4_mask.png
00000029.png,00000029_mask.png
0006_label_5YuL3VcR.png,0006_label_5YuL3VcR_mask.png
00000087.png,00000087_mask.png
0017_label_uCXpTeJJ.png,0017_label_uCXpTeJJ_mask.png
0020_label_QbCmZ2ce.png,0020_label_QbCmZ2ce_mask.png
00000017_5.png,00000017_5_mask.png
0018_label_5YuL3VcR.png,0018_label_5YuL3VcR_mask.png
00000042.png,00000042_mask.png
0008_label_Y0sRpXgl.png,0008_label_Y0sRpXgl_mask.png
0009_label_tALCG3Yy.png,0009_label_tALCG3Yy_mask.png
0011_label_s2HioE5t.png,0011_label_s2HioE5t_mask.png
00000003.png,00000003_mask.png
0018_label_WgYVYe3Q.png,0018_label_WgYVYe3Q_mask.png
0014_label_M4HYDr16.png,0014_label_M4HYDr16_mask.png
0018_label_FCjmsocM.png,0018_label_FCjmsocM_mask.png
0002_label_XP0UKXUr.png,0002_label_XP0UKXUr_mask.png
0014_label_ouHctxiB.png,0014_label_ouHctxiB_mask.png
0020_label_s2HioE5t.png,0020_label_s2HioE5t_mask.png
0017_label_h2qBCL3Q.png,0017_label_h2qBCL3Q_mask.png
0012_label_ckrYP90D.png,0012_label_ckrYP90D_mask.png
0019_label_iSVx22hl.png,0019_label_iSVx22hl_mask.png
00000013_5.png,00000013_5_mask.png
0014_label_uCXpTeJJ.png,0014_label_uCXpTeJJ_mask.png
0004_label_KhubE3m1.png,0004_label_KhubE3m1_mask.png
00000034_2.png,00000034_2_mask.png
00000015_5.png,00000015_5_mask.png
0011_label_egaPlFje.png,0011_label_egaPlFje_mask.png
00000028_1.png,00000028_1_mask.png
00000041.png,00000041_mask.png
00000013_4.png,00000013_4_mask.png
0005_label_BRxm2MyU.png,0005_label_BRxm2MyU_mask.png
0001_label_s2HioE5t.png,0001_label_s2HioE5t_mask.png
0008_label_BRxm2MyU.png,0008_label_BRxm2MyU_mask.png
0007_label_WgYVYe3Q.png,0007_label_WgYVYe3Q_mask.png
0000_label_GQ173MEa.png,0000_label_GQ173MEa_mask.png
0008_label_5caRcr55.png,0008_label_5caRcr55_mask.png
00000025_3.png,00000025_3_mask.png
00000011_1.png,00000011_1_mask.png
00000037_2.png,00000037_2_mask.png
0014_label_WgYVYe3Q.png,0014_label_WgYVYe3Q_mask.png
0006_label_F5Njd0Gq.png,0006_label_F5Njd0Gq_mask.png
00000003_6.png,00000003_6_mask.png
0004_label_egaPlFje.png,0004_label_egaPlFje_mask.png
0013_label_nKTYvVYf.png,0013_label_nKTYvVYf_mask.png
00000025_1.png,00000025_1_mask.png
0004_label_ouHctxiB.png,0004_label_ouHctxiB_mask.png
00000097.png,00000097_mask.png
0002_label_wmLYCo2j.png,0002_label_wmLYCo2j_mask.png
0017_label_BRxm2MyU.png,0017_label_BRxm2MyU_mask.png
0002_label_Y0sRpXgl.png,0002_label_Y0sRpXgl_mask.png
0000_label_wFKL6cSt.png,0000_label_wFKL6cSt_mask.png
00000031_4.png,00000031_4_mask.png
0020_label_M4HYDr16.png,0020_label_M4HYDr16_mask.png
0010_label_s2HioE5t.png,0010_label_s2HioE5t_mask.png
00000037_5.png,00000037_5_mask.png
00000000_2.png,00000000_2_mask.png
00000035_2.png,00000035_2_mask.png
00000005_7.png,00000005_7_mask.png
0016_label_tALCG3Yy.png,0016_label_tALCG3Yy_mask.png
0017_label_wFKL6cSt.png,0017_label_wFKL6cSt_mask.png
0006_label_h2qBCL3Q.png,0006_label_h2qBCL3Q_mask.png
0013_label_M4HYDr16.png,0013_label_M4HYDr16_mask.png
00000033_2.png,00000033_2_mask.png
0007_label_KhubE3m1.png,0007_label_KhubE3m1_mask.png
0014_label_nKTYvVYf.png,0014_label_nKTYvVYf_mask.png
0018_label_M4HYDr16.png,0018_label_M4HYDr16_mask.png
0006_label_0xjUoY7D.png,0006_label_0xjUoY7D_mask.png
00000019_2.png,00000019_2_mask.png
0005_label_lY40XnMe.png,0005_label_lY40XnMe_mask.png
0002_label_ufQVNw8q.png,0002_label_ufQVNw8q_mask.png
00000039_3.png,00000039_3_mask.png
0002_label_9tz0JSAJ.png,0002_label_9tz0JSAJ_mask.png
00000033_1.png,00000033_1_mask.png
0010_label_G2fWPEgz.png,0010_label_G2fWPEgz_mask.png
0002_label_1XDZxhBC.png,0002_label_1XDZxhBC_mask.png
0002_label_Z4lINfjt.png,0002_label_Z4lINfjt_mask.png
0002_label_s2HioE5t.png,0002_label_s2HioE5t_mask.png
0003_label_XP0UKXUr.png,0003_label_XP0UKXUr_mask.png
0007_label_BRxm2MyU.png,0007_label_BRxm2MyU_mask.png
0016_label_Y0sRpXgl.png,0016_label_Y0sRpXgl_mask.png
0006_label_G2fWPEgz.png,0006_label_G2fWPEgz_mask.png
0000_label_l26civYo.png,0000_label_l26civYo_mask.png
0007_label_tALCG3Yy.png,0007_label_tALCG3Yy_mask.png
0010_label_ckrYP90D.png,0010_label_ckrYP90D_mask.png
0013_label_iGFOdcQt.png,0013_label_iGFOdcQt_mask.png
00000041_3.png,00000041_3_mask.png
0006_label_lY40XnMe.png,0006_label_lY40XnMe_mask.png
00000015_4.png,00000015_4_mask.png
0014_label_BRxm2MyU.png,0014_label_BRxm2MyU_mask.png
0009_label_uCXpTeJJ.png,0009_label_uCXpTeJJ_mask.png
0006_label_M4HYDr16.png,0006_label_M4HYDr16_mask.png
0015_label_ckrYP90D.png,0015_label_ckrYP90D_mask.png
0000_label_TNURd9tv.png,0000_label_TNURd9tv_mask.png
00000004_3.png,00000004_3_mask.png
0017_label_QbCmZ2ce.png,0017_label_QbCmZ2ce_mask.png
00000045_1.png,00000045_1_mask.png
0004_label_wmLYCo2j.png,0004_label_wmLYCo2j_mask.png
00000039_5.png,00000039_5_mask.png
0014_label_ckrYP90D.png,0014_label_ckrYP90D_mask.png
00000027_1.png,00000027_1_mask.png
0018_label_h2qBCL3Q.png,0018_label_h2qBCL3Q_mask.png
0000_label_KhubE3m1.png,0000_label_KhubE3m1_mask.png
0017_label_M4HYDr16.png,0017_label_M4HYDr16_mask.png
0016_label_egaPlFje.png,0016_label_egaPlFje_mask.png
0000_label_h2qBCL3Q.png,0000_label_h2qBCL3Q_mask.png
00000012_2.png,00000012_2_mask.png
0010_label_1XDZxhBC.png,0010_label_1XDZxhBC_mask.png
0001_label_5caRcr55.png,0001_label_5caRcr55_mask.png
0019_label_ckrYP90D.png,0019_label_ckrYP90D_mask.png
0005_label_wFKL6cSt.png,0005_label_wFKL6cSt_mask.png
0001_label_QbCmZ2ce.png,0001_label_QbCmZ2ce_mask.png
0012_label_egaPlFje.png,0012_label_egaPlFje_mask.png
0002_label_M4HYDr16.png,0002_label_M4HYDr16_mask.png
0020_label_egaPlFje.png,0020_label_egaPlFje_mask.png
00000008_4.png,00000008_4_mask.png
0013_label_lY40XnMe.png,0013_label_lY40XnMe_mask.png
00000005_5.png,00000005_5_mask.png
0002_label_iSVx22hl.png,0002_label_iSVx22hl_mask.png
0011_label_lY40XnMe.png,0011_label_lY40XnMe_mask.png
0013_label_uCXpTeJJ.png,0013_label_uCXpTeJJ_mask.png
0007_label_iSVx22hl.png,0007_label_iSVx22hl_mask.png
00000007_3.png,00000007_3_mask.png
0000_label_5caRcr55.png,0000_label_5caRcr55_mask.png
00000011_5.png,00000011_5_mask.png
0001_label_iGFOdcQt.png,0001_label_iGFOdcQt_mask.png
00000021_1.png,00000021_1_mask.png
00000023_1.png,00000023_1_mask.png
0008_label_lY40XnMe.png,0008_label_lY40XnMe_mask.png
0001_label_Y0sRpXgl.png,0001_label_Y0sRpXgl_mask.png
0003_label_Z4lINfjt.png,0003_label_Z4lINfjt_mask.png
0005_label_h2qBCL3Q.png,0005_label_h2qBCL3Q_mask.png
00000009_4.png,00000009_4_mask.png
00000002_2.png,00000002_2_mask.png
0001_label_nKTYvVYf.png,0001_label_nKTYvVYf_mask.png
0011_label_FCjmsocM.png,0011_label_FCjmsocM_mask.png
0019_label_h2qBCL3Q.png,0019_label_h2qBCL3Q_mask.png
0002_label_ouHctxiB.png,0002_label_ouHctxiB_mask.png
0000_label_0xjUoY7D.png,0000_label_0xjUoY7D_mask.png
0005_label_l26civYo.png,0005_label_l26civYo_mask.png
0002_label_5caRcr55.png,0002_label_5caRcr55_mask.png
0004_label_tALCG3Yy.png,0004_label_tALCG3Yy_mask.png
00000003_7.png,00000003_7_mask.png
0008_label_l26civYo.png,0008_label_l26civYo_mask.png
00000044_2.png,00000044_2_mask.png
0011_label_KhubE3m1.png,0011_label_KhubE3m1_mask.png
00000005_8.png,00000005_8_mask.png
0010_label_l26civYo.png,0010_label_l26civYo_mask.png
0009_label_Y0sRpXgl.png,0009_label_Y0sRpXgl_mask.png
00000071.png,00000071_mask.png
0005_label_F5Njd0Gq.png,0005_label_F5Njd0Gq_mask.png
0017_label_G2fWPEgz.png,0017_label_G2fWPEgz_mask.png
0012_label_h2qBCL3Q.png,0012_label_h2qBCL3Q_mask.png
0018_label_s2HioE5t.png,0018_label_s2HioE5t_mask.png
00000003_5.png,00000003_5_mask.png
0003_label_ZublKlRs.png,0003_label_ZublKlRs_mask.png
0019_label_QbCmZ2ce.png,0019_label_QbCmZ2ce_mask.png
0003_label_0xjUoY7D_1.png,0003_label_0xjUoY7D_1_mask.png
0002_label_l26civYo.png,0002_label_l26civYo_mask.png
0007_label_QbCmZ2ce.png,0007_label_QbCmZ2ce_mask.png
0016_label_G2fWPEgz.png,0016_label_G2fWPEgz_mask.png
00000044.png,00000044_mask.png
00000003_1.png,00000003_1_mask.png
0016_label_0xjUoY7D.png,0016_label_0xjUoY7D_mask.png
0008_label_FCjmsocM.png,0008_label_FCjmsocM_mask.png
00000005.png,00000005_mask.png
0003_label_F5Njd0Gq.png,0003_label_F5Njd0Gq_mask.png
00000002_4.png,00000002_4_mask.png
0004_label_WgYVYe3Q.png,0004_label_WgYVYe3Q_mask.png
0009_label_F5Njd0Gq.png,0009_label_F5Njd0Gq_mask.png
0006_label_wFKL6cSt.png,0006_label_wFKL6cSt_mask.png
0009_label_0xjUoY7D.png,0009_label_0xjUoY7D_mask.png
00000030_2.png,00000030_2_mask.png
0008_label_wFKL6cSt.png,0008_label_wFKL6cSt_mask.png
0000_label_FCjmsocM.png,0000_label_FCjmsocM_mask.png
00000021_2.png,00000021_2_mask.png
00000025_5.png,00000025_5_mask.png
0011_label_XP0UKXUr.png,0011_label_XP0UKXUr_mask.png
0007_label_1XDZxhBC.png,0007_label_1XDZxhBC_mask.png
0003_label_lY40XnMe.png,0003_label_lY40XnMe_mask.png
0003_label_9tz0JSAJ.png,0003_label_9tz0JSAJ_mask.png
0008_label_tALCG3Yy.png,0008_label_tALCG3Yy_mask.png
0009_label_ouHctxiB.png,0009_label_ouHctxiB_mask.png
0000_label_WgYVYe3Q.png,0000_label_WgYVYe3Q_mask.png
00000036_2.png,00000036_2_mask.png
0015_label_egaPlFje.png,0015_label_egaPlFje_mask.png
0009_label_iSVx22hl.png,0009_label_iSVx22hl_mask.png
00000002.png,00000002_mask.png
0009_label_ckrYP90D.png,0009_label_ckrYP90D_mask.png
00000022_2.png,00000022_2_mask.png
0017_label_iSVx22hl.png,0017_label_iSVx22hl_mask.png
00000031_1.png,00000031_1_mask.png
0015_label_tALCG3Yy.png,0015_label_tALCG3Yy_mask.png
0010_label_FCjmsocM.png,0010_label_FCjmsocM_mask.png
0006_label_uCXpTeJJ.png,0006_label_uCXpTeJJ_mask.png
0001_label_ouHctxiB.png,0001_label_ouHctxiB_mask.png
0013_label_PmivjAla.png,0013_label_PmivjAla_mask.png
0006_label_Z4lINfjt.png,0006_label_Z4lINfjt_mask.png
00000016_2.png,00000016_2_mask.png
00000017_4.png,00000017_4_mask.png
0008_label_nKTYvVYf.png,0008_label_nKTYvVYf_mask.png
00000024_1.png,00000024_1_mask.png
0001_label_FCjmsocM.png,0001_label_FCjmsocM_mask.png
0011_label_iGFOdcQt.png,0011_label_iGFOdcQt_mask.png
00000013_2.png,00000013_2_mask.png
0019_label_M4HYDr16.png,0019_label_M4HYDr16_mask.png
0020_label_h2qBCL3Q.png,0020_label_h2qBCL3Q_mask.png
0009_label_iGFOdcQt.png,0009_label_iGFOdcQt_mask.png
0005_label_ZublKlRs.png,0005_label_ZublKlRs_mask.png
0015_label_BRxm2MyU.png,0015_label_BRxm2MyU_mask.png
0016_label_M4HYDr16.png,0016_label_M4HYDr16_mask.png
0008_label_ckrYP90D.png,0008_label_ckrYP90D_mask.png
00000035_4.png,00000035_4_mask.png
0020_label_BRxm2MyU.png,0020_label_BRxm2MyU_mask.png
0003_label_FCjmsocM.png,0003_label_FCjmsocM_mask.png
00000007_8.png,00000007_8_mask.png
0001_label_wmLYCo2j.png,0001_label_wmLYCo2j_mask.png
0002_label_lY40XnMe.png,0002_label_lY40XnMe_mask.png
0008_label_5YuL3VcR.png,0008_label_5YuL3VcR_mask.png
0007_label_ckrYP90D.png,0007_label_ckrYP90D_mask.png
